{"fetched_at": "2026-07-02T07:51:18.401550+00:00", "implied": {"FRA": 0.330000878034931, "ARG": 0.1788004757352899, "ESP": 0.10689158875479288, "ENG": 0.08940023786764495, "BRA": 0.07024304403886389, "POR": 0.053156898191572675, "MEX": 0.028923606368943953, "USA": 0.02587901622484459, "MAR": 0.027316739348447066, "COL": 0.027316739348447066, "BEL": 0.017880047573528988, "NOR": 0.01966805233088189, "SUI": 0.00819502180453412, "CRO": 0.0033910435053244635, "CAN": 0.0021853391478757656, "PAR": 0.0018554766349888575, "EGY": 0.0018211159565631378, "ALG": 0.001214077304375425, "AUS": 0.001639004360906824, "AUT": 0.0017252677483229728, "GHA": 0.0015129271023755298, "CPV": 0.0009834026165440944}}